Link	URL
A Belén pastores	https://www.navidaddigital.com/villancicos/a-belen-pastores/
A Belén, pastorcitos	https://www.navidaddigital.com/villancicos/a-belen-pastorcitos/
A la nanita nana	https://www.navidaddigital.com/villancicos/a-la-nanita-nana/
A las 12 de la noche	https://www.navidaddigital.com/villancicos/a-las-12-de-la-noche/
A las arandelas	https://www.navidaddigital.com/villancicos/a-las-arandelas/
A las doce de la noche	https://www.navidaddigital.com/villancicos/a-las-doce-de-la-noche/
Adeste Fideles (Venid Fieles)	https://www.navidaddigital.com/villancicos/venid-fieles-3/
Al filo de media noche	https://www.navidaddigital.com/villancicos/al-filo-de-media-noche/
Al mundo Paz	https://www.navidaddigital.com/villancicos/al-mundo-paz/
Alegría, alegría	https://www.navidaddigital.com/villancicos/alegria-alegria/
Anunciando al Rey del cielo	https://www.navidaddigital.com/villancicos/anunciando-al-rey-del-cielo/
Arbolito	https://www.navidaddigital.com/villancicos/arbolito/
Arre burro, arre	https://www.navidaddigital.com/villancicos/arre-burro-arre/
Arrú ru ru	https://www.navidaddigital.com/villancicos/arru-ru-ru/
Blanca Navidad	https://www.navidaddigital.com/villancicos/blanca-navidad/
Campana sobre campana	https://www.navidaddigital.com/villancicos/campana-sobre-campana/
Campanas de Navidad	https://www.navidaddigital.com/villancicos/campanas-de-navidad/
Campanilleros	https://www.navidaddigital.com/villancicos/campanilleros/
Canción para la Navidad	https://www.navidaddigital.com/villancicos/cancion-para-la-navidad/
Canta, ríe, bebe	https://www.navidaddigital.com/villancicos/canta-rie-bebe/
Cantad pastores	https://www.navidaddigital.com/villancicos/cantad-pastores/
Cantemos pastores	https://www.navidaddigital.com/villancicos/cantemos-pastores/
Cantemos, cantemos	https://www.navidaddigital.com/villancicos/cantemos-cantemos/
Carrasclás	https://www.navidaddigital.com/villancicos/carrasclas/
Cascabel	https://www.navidaddigital.com/villancicos/cascabel/
Cascabel, lindo cascabel	https://www.navidaddigital.com/villancicos/lindo-cascabel/
Cinco para las doce	https://www.navidaddigital.com/villancicos/cinco-para-las-doce/
Con la flor de Pascua	https://www.navidaddigital.com/villancicos/con-la-flor-de-pascua/
Cumbia de Navidad	https://www.navidaddigital.com/villancicos/cumbia-de-navidad/
De tu carita divina	https://www.navidaddigital.com/villancicos/envidia-tiene-la-fuente/
Diciembre	https://www.navidaddigital.com/villancicos/diciembre/
Dime Niño	https://www.navidaddigital.com/villancicos/dime-nino/
Dios - Manuel	https://www.navidaddigital.com/villancicos/dios-manuel/
"El ""churrumbé"""	https://www.navidaddigital.com/villancicos/el-churrumbe/
El abeto	https://www.navidaddigital.com/villancicos/el-abeto/
El buen rabadán	https://www.navidaddigital.com/villancicos/el-buen-rabadan/
El burrito orejón	https://www.navidaddigital.com/villancicos/burrito-orejon/
El burrito sabanero	https://www.navidaddigital.com/villancicos/burrito-sabanero/
El chiquirritín	https://www.navidaddigital.com/villancicos/chiquirritin/
El colibrí navideño	https://www.navidaddigital.com/villancicos/el-colibri-navidad/
El hijo de Dios	https://www.navidaddigital.com/villancicos/el-hijo-de-dios/
El mejor de los nacíos	https://www.navidaddigital.com/villancicos/el-mejor-de-los-nacios/
El niño carpintero	https://www.navidaddigital.com/villancicos/ven-ven-ven-jesus/
El niño Dios ha nacido	https://www.navidaddigital.com/villancicos/el-nino-dios-ha-nacido/
El tamborilero	https://www.navidaddigital.com/villancicos/el-tamborilero/
El trineo	https://www.navidaddigital.com/villancicos/el-trineo/
En Belén	https://www.navidaddigital.com/villancicos/en-belen/
En Belén tocan a fuego	https://www.navidaddigital.com/villancicos/en-belen-tocan-a-fuego/
En la noche más fría	https://www.navidaddigital.com/villancicos/en-la-noche-mas-fria/
En la puerta hay un niño	https://www.navidaddigital.com/villancicos/en-la-puerta/
En Oriente ha nacido	https://www.navidaddigital.com/villancicos/en-oriente-ha-nacido/
Escucha los arcángeles cantar	https://www.navidaddigital.com/villancicos/escucha-los-arcangeles-cantar/
Espléndida noche	https://www.navidaddigital.com/villancicos/esplendida-noche/
Esta noche nace el Niño	https://www.navidaddigital.com/villancicos/esta-noche-nace/
Familia de Nazaret	https://www.navidaddigital.com/villancicos/familia-de-nazaret/
Feliz Navidad	https://www.navidaddigital.com/villancicos/feliz-navidad/
Fum, fum, fum	https://www.navidaddigital.com/villancicos/fum-fum-fum/
Gatatumba	https://www.navidaddigital.com/villancicos/gatatumba/
Gloria a Dios	https://www.navidaddigital.com/villancicos/gloria-a-dios/
Gloria a Dios en el Cielo	https://www.navidaddigital.com/villancicos/gloria-a-dios-en-el-cielo/
Gloria a Dios en las alturas	https://www.navidaddigital.com/villancicos/gloria-a-dios-en-las-alturas/
Gloria cantan los Querubes	https://www.navidaddigital.com/villancicos/gloria-cantan-los-querubes/
Gloria in Excelsis Deo	https://www.navidaddigital.com/villancicos/gloria-in-excelsis-deo/
Gloria in Excelsis Deo	https://www.navidaddigital.com/villancicos/gloria-in-excelsis-deo-2/
Gloria in Excelsis Deo	https://www.navidaddigital.com/villancicos/gloria-in-excelsis-deo-3/
Huachitorito	https://www.navidaddigital.com/villancicos/huachitorito/
Huyendo de Herodes	https://www.navidaddigital.com/villancicos/huyendo-de-herodes/
La adoración de los Reyes	https://www.navidaddigital.com/villancicos/adoracion-de-los-reyes/
La Jornada	https://www.navidaddigital.com/villancicos/la-jornada/
La Marimorena	https://www.navidaddigital.com/villancicos/la-marimorena/
La noche buena	https://www.navidaddigital.com/villancicos/la-noche-buena/
La peregrinación (A la huella)	https://www.navidaddigital.com/villancicos/a-la-huella/
La Virgen como es gitana	https://www.navidaddigital.com/villancicos/la-virgen-como-es-gitana/
La Virgen y San José	https://www.navidaddigital.com/villancicos/la-virgen-y-san-jose/
Las posadas	https://www.navidaddigital.com/villancicos/las-posadas/
Las tortugas	https://www.navidaddigital.com/villancicos/las-tortugas/
Llegó la Navidad	https://www.navidaddigital.com/villancicos/llego-la-navidad/
Los pastores	https://www.navidaddigital.com/villancicos/los-pastores/
Los peces en el río	https://www.navidaddigital.com/villancicos/los-peces-en-el-rio/
Los peces en el río	https://www.navidaddigital.com/villancicos/los-peces-en-el-rio-2/
Navidad de color	https://www.navidaddigital.com/villancicos/la-navidad-sera-del-color-que-tengas-tu-el-corazon/
Navidad en la nieve y la arena	https://www.navidaddigital.com/villancicos/navidad-en-la-nieve-y-arena/
Navidad, Navidad	https://www.navidaddigital.com/villancicos/navidad-navidad/
Navidad, Navidad	https://www.navidaddigital.com/villancicos/navidad-navidad-2/
Niño Lindo	https://www.navidaddigital.com/villancicos/nino-lindo/
Noche anunciada	https://www.navidaddigital.com/villancicos/noche-anunciada/
Noche de Paz	https://www.navidaddigital.com/villancicos/noche-de-paz/
Noche de Paz	https://www.navidaddigital.com/villancicos/noche-de-paz-2/
Noche de Paz	https://www.navidaddigital.com/villancicos/noche-de-paz-3/
Noche de Paz	https://www.navidaddigital.com/villancicos/noche-de-paz-4/
Nuevo Sol	https://www.navidaddigital.com/villancicos/dentro-de-tu-hogar/
Oh árbol de la Navidad	https://www.navidaddigital.com/villancicos/oh-arbol-de-la-navidad/
Oh, Santísimo Felicísimo	https://www.navidaddigital.com/villancicos/grato-tiempo-de-navidad/
Oíd un son en alta esfera	https://www.navidaddigital.com/villancicos/oid-un-son-en-alta-esfera/
Pa' que se duerma mi niño	https://www.navidaddigital.com/villancicos/duerme-por-sevillanas/
Pastorcicos, pastorcicos	https://www.navidaddigital.com/villancicos/pastorcicos-pastorcicos/
Popurrí navideño	https://www.navidaddigital.com/villancicos/popurri-villancicos/
Rin, rin	https://www.navidaddigital.com/villancicos/rin-rin/
Riu, Riu, Chiu	https://www.navidaddigital.com/villancicos/riu-riu-chiu/
Rodolfo el reno	https://www.navidaddigital.com/villancicos/rodolfo-el-reno/
Santa la Noche	https://www.navidaddigital.com/villancicos/oh-noche-santa/
Santa la noche	https://www.navidaddigital.com/villancicos/santa-la-noche/
Sendero de Belén	https://www.navidaddigital.com/villancicos/sendero-de-belen/
Soy un pobre pastor	https://www.navidaddigital.com/villancicos/soy-un-pobre-pastor/
Suenen dulces himnos	https://www.navidaddigital.com/villancicos/suenen-dulces-himnos/
Taller de Nazareth	https://www.navidaddigital.com/villancicos/taller-de-nazareth/
Tan, tan	https://www.navidaddigital.com/villancicos/tan-tan/
Tutaína	https://www.navidaddigital.com/villancicos/tutaina/
Una luz brilló en la noche	https://www.navidaddigital.com/villancicos/una-luz-brillo-en-la-noche/
Una pandereta suena	https://www.navidaddigital.com/villancicos/una-pandereta-suena/
Vals navideño	https://www.navidaddigital.com/villancicos/vals-navidad/
Vamos pastores	https://www.navidaddigital.com/villancicos/vamos-pastores/
Vamos pastores	https://www.navidaddigital.com/villancicos/vamos-pastores-2/
Ven a cantar	https://www.navidaddigital.com/villancicos/ven-a-cantar/
Ven a mi casa esta Navidad	https://www.navidaddigital.com/villancicos/ven-a-mi-casa-esta-navidad/
Venid acá pastorcitos	https://www.navidaddigital.com/villancicos/venid-aca-pastorcitos/
Venid fieles (Adeste fideles)	https://www.navidaddigital.com/villancicos/venid-fieles/
Venid fieles (Adeste fideles)	https://www.navidaddigital.com/villancicos/venid-fieles-2/
Venid pastorcitos	https://www.navidaddigital.com/villancicos/arre-borriquito/
Venid pastores	https://www.navidaddigital.com/villancicos/venid-pastores/
Venid y adoremos	https://www.navidaddigital.com/villancicos/venid-y-adoremos/
Villancico de Segovia	https://www.navidaddigital.com/villancicos/villancico-de-segovia/
Villancico infantil A Belén me voy	https://www.navidaddigital.com/villancicos/a-belen-me-voy/
Villancico yaucano	https://www.navidaddigital.com/villancicos/villancico-yaucano/
Volvió Juanita (merengue navideño)	https://www.navidaddigital.com/villancicos/volvio-juanita/
Voy a cantar	https://www.navidaddigital.com/villancicos/voy-a-cantar/
Ya llegó la Navidad	https://www.navidaddigital.com/villancicos/ya-llego-la-navidad-deck-the-halls/
Ya nació el Niño	https://www.navidaddigital.com/villancicos/ya-nacio-el/
Ya viene la vieja	https://www.navidaddigital.com/villancicos/ya-viene-la-vieja/
Ya vienen los Reyes	https://www.navidaddigital.com/villancicos/ya-vienen-los-reyes/
Yo haré que te sientas feliz	https://www.navidaddigital.com/villancicos/hare-que-te-sientas-feliz/
Zagalillos	https://www.navidaddigital.com/villancicos/zagalillos/
Zumba, zúmbale al pandero	https://www.navidaddigital.com/villancicos/zumbale-al-pandero/